[
  {
    "id": 1,
    "title": "The Great Gatsby",
    "author": "F. Scott Fitzgerald",
    "description": "A classic novel of the Jazz Age.",
    "price": 9.99,
    "category": "Fiction",
    "image": "https://images.unsplash.com/photo-1544716278-ca5e3f4abd8c?ixlib=rb-4.0.3&auto=format&fit=crop&w=500&q=80",
    "rating": 4.5,
    "stock": 10,
    "featured": true,
    "bestseller": true
  },
  {
    "id": 2,
    "title": "To Kill a Mockingbird",
    "author": "Harper Lee",
    "description": "A gripping tale of racial injustice.",
    "price": 12.99,
    "category": "Fiction",
    "image": "https://images.unsplash.com/photo-1541963463532-d68292c34b19?ixlib=rb-4.0.3&auto=format&fit=crop&w=500&q=80",
    "rating": 4.8,
    "stock": 8,
    "featured": true,
    "bestseller": true
  }
  // Add more books as needed
]